Date,Product,Region,Customer_Type,Quantity,Price,Discount,Revenue
2024-12-05,Clothing,North,VIP,94,220.52,0.28,14924.79
2024-07-10,Books,North,Regular,62,272.57,0.16,14195.45
2024-04-09,Electronics,West,VIP,72,131.71,0.06,8914.13
2024-09-23,Clothing,East,VIP,16,37.2,0.19,482.11
2024-04-21,Accessories,North,VIP,91,205.42,0.14,16076.17
2024-07-21,Books,West,Regular,89,156.43,0.16,11694.71
2024-10-01,Electronics,East,Regular,97,179.73,0.15,14818.74
2024-08-20,Books,East,VIP,33,267.35,0.21,6969.81
2024-05-30,Clothing,West,Regular,80,133.91,0.09,9748.65
2024-07-04,Electronics,West,VIP,37,133.94,0.13,4311.53
2024-12-11,Accessories,West,VIP,86,169.71,0.29,10362.49
2024-02-19,Accessories,East,VIP,22,78.26,0.24,1308.51
2024-11-29,Accessories,North,Regular,30,267.18,0.28,5771.09
2024-10-02,Electronics,South,VIP,81,239.88,0.25,14572.71
2024-05-30,Electronics,West,VIP,68,23.91,0.3,1138.12
2024-08-11,Clothing,East,Regular,82,270.88,0.16,18658.21
2024-07-22,Accessories,North,Regular,43,23.2,0.15,847.96
2024-04-29,Books,South,Regular,14,145.37,0.26,1506.03
2024-03-09,Accessories,South,Regular,46,222.29,0.29,7259.99
2024-02-04,Books,North,VIP,96,232.38,0.14,19185.29
2024-09-12,Clothing,South,Regular,26,159.35,0.07,3853.08
2024-01-06,Clothing,South,Regular,30,298.88,0.02,8787.07
2024-07-13,Books,South,VIP,66,283.77,0.27,13672.04
2024-03-26,Accessories,East,VIP,9,208.02,0.19,1516.47
2024-10-20,Accessories,East,Regular,38,293.09,0.04,10691.92
2024-08-25,Books,East,VIP,86,245.65,0.24,16055.68
2024-07-14,Accessories,South,VIP,49,209.5,0.11,9136.3
2024-07-09,Books,West,Regular,55,182.7,0.06,9445.59
2024-06-30,Electronics,East,Regular,95,272.63,0.26,19165.89
2024-05-26,Books,South,VIP,12,101.85,0.01,1209.98
2024-02-23,Books,East,VIP,56,134.86,0.29,5362.03
2024-03-21,Accessories,North,VIP,33,223.56,0.1,6639.73
2024-12-25,Accessories,South,VIP,80,137.15,0.04,10533.12
2024-01-21,Accessories,North,VIP,3,265.73,0.05,757.33
2024-04-17,Accessories,West,VIP,90,53.57,0.28,3471.34
2024-02-14,Accessories,West,VIP,77,220.79,0.27,12410.61
2024-08-26,Electronics,South,Regular,68,61.66,0.09,3815.52
2024-12-17,Books,South,VIP,81,147.28,0.25,8947.26
2024-06-13,Accessories,West,Regular,37,127.27,0.29,3343.38
2024-03-04,Electronics,East,VIP,72,168.31,0.18,9937.02
2024-11-27,Clothing,West,Regular,54,234.19,0.06,11887.48
2024-06-30,Electronics,West,Regular,66,97.49,0.07,5983.94
2024-07-30,Electronics,North,VIP,86,25.24,0.01,2148.93
2024-07-26,Books,North,VIP,97,117.99,0.26,8469.32
2024-04-16,Electronics,East,VIP,11,273.95,0.01,2983.32
2024-04-15,Accessories,South,Regular,93,226.8,0.3,14764.68
2024-06-29,Electronics,North,VIP,27,206.1,0.2,4451.76
2024-07-23,Accessories,West,VIP,84,25.68,0.02,2113.98
2024-01-12,Accessories,West,VIP,22,112.9,0.28,1788.34
2024-01-25,Books,South,VIP,24,195.0,0.11,4165.2
2024-03-05,Books,South,Regular,27,180.12,0.05,4620.08
2024-03-15,Books,West,VIP,67,64.22,0.1,3872.47
2024-12-18,Books,East,VIP,74,150.7,0.21,8809.92
2024-01-18,Electronics,North,VIP,46,93.54,0.17,3571.36
2024-03-10,Books,West,Regular,79,59.42,0.29,3332.87
2024-04-20,Accessories,West,Regular,91,47.47,0.04,4146.98
2024-05-02,Clothing,West,Regular,72,181.93,0.23,10086.2
2024-08-12,Books,East,Regular,34,145.28,0.1,4445.57
2024-09-14,Clothing,North,Regular,47,61.53,0.04,2776.23
2024-12-22,Books,East,Regular,72,43.52,0.15,2663.42
2024-02-09,Accessories,West,Regular,61,269.57,0.06,15457.14
2024-10-11,Accessories,South,Regular,10,75.38,0.24,572.89
2024-06-03,Books,West,VIP,53,73.66,0.02,3825.9
2024-07-02,Books,East,VIP,91,270.87,0.21,19472.84
2024-01-04,Clothing,North,Regular,95,35.72,0.14,2918.32
2024-02-19,Electronics,North,VIP,83,19.37,0.15,1366.55
2024-01-11,Electronics,South,Regular,52,219.52,0.2,9132.03
2024-01-17,Books,West,Regular,27,86.37,0.02,2285.35
2024-10-04,Electronics,North,VIP,17,8.68,0.03,143.13
2024-09-16,Accessories,West,Regular,93,269.95,0.29,17824.8
2024-10-05,Clothing,East,Regular,86,23.21,0.08,1836.38
2024-12-10,Books,North,VIP,33,63.98,0.17,1752.41
2024-09-18,Books,East,VIP,72,5.59,0.25,301.86
2024-07-04,Books,North,VIP,90,219.64,0.27,14430.35
2024-04-22,Accessories,South,Regular,85,117.27,0.28,7176.92
2024-08-22,Clothing,South,VIP,5,259.48,0.08,1193.61
2024-03-02,Books,West,Regular,48,215.09,0.2,8259.46
2024-05-25,Accessories,South,VIP,6,112.07,0.1,605.18
2024-12-03,Books,East,VIP,99,78.62,0.18,6382.37
2024-11-17,Electronics,East,VIP,8,151.72,0.1,1092.38
2024-03-27,Accessories,North,VIP,9,149.0,0.08,1233.72
2024-02-10,Accessories,South,VIP,96,56.59,0.26,4020.15
2024-02-05,Accessories,North,Regular,5,211.95,0.13,921.98
2024-01-06,Books,North,VIP,32,212.25,0.18,5569.44
2024-03-27,Accessories,East,VIP,50,127.05,0.04,6098.4
2024-11-13,Books,East,Regular,92,243.62,0.23,17258.04
2024-06-22,Books,East,VIP,97,142.37,0.06,12981.3
2024-02-14,Books,South,VIP,81,76.11,0.18,5055.23
2024-11-16,Books,East,Regular,1,191.81,0.15,163.04
2024-04-02,Accessories,South,VIP,92,233.3,0.06,20175.78
2024-09-30,Books,South,Regular,21,143.25,0.18,2466.77
2024-06-07,Books,West,Regular,72,41.85,0.03,2922.8
2024-01-12,Accessories,East,Regular,52,37.31,0.26,1435.69
2024-08-19,Clothing,West,Regular,82,124.08,0.09,9258.85
2024-04-16,Electronics,North,Regular,1,189.55,0.09,172.49
2024-01-02,Accessories,North,VIP,11,119.85,0.1,1186.51
2024-04-27,Electronics,West,VIP,42,19.44,0.23,628.69
2024-12-10,Electronics,West,Regular,92,129.4,0.04,11428.61
2024-05-11,Clothing,North,VIP,50,221.07,0.16,9284.94
2024-06-14,Electronics,South,Regular,82,167.92,0.04,13218.66
2024-11-13,Accessories,North,Regular,16,98.34,0.13,1368.89
2024-01-22,Accessories,West,Regular,59,70.21,0.23,3189.64
2024-07-22,Clothing,North,VIP,78,70.01,0.14,4696.27
2024-05-15,Books,South,Regular,88,107.26,0.09,8589.38
2024-09-10,Accessories,West,Regular,61,277.32,0.3,11841.56
2024-12-01,Clothing,North,VIP,48,244.6,0.25,8805.6
2024-07-03,Books,North,VIP,28,293.75,0.29,5839.75
2024-01-19,Electronics,West,VIP,39,245.95,0.03,9304.29
2024-06-23,Electronics,South,VIP,80,116.42,0.13,8102.83
2024-06-21,Accessories,South,VIP,59,250.08,0.19,11951.32
2024-11-21,Clothing,South,Regular,37,197.63,0.07,6800.45
2024-04-01,Clothing,North,VIP,36,14.3,0.1,463.32
2024-06-18,Clothing,East,Regular,40,29.59,0.05,1124.42
2024-03-04,Books,North,VIP,96,269.61,0.06,24329.61
2024-04-10,Books,North,Regular,45,7.88,0.17,294.32
2024-05-14,Books,South,VIP,81,36.46,0.27,2155.88
2024-04-14,Books,West,Regular,79,126.46,0.28,7193.04
2024-04-03,Clothing,South,VIP,15,212.35,0.24,2420.79
2024-07-09,Accessories,South,VIP,54,101.65,0.03,5324.43
2024-12-02,Electronics,South,VIP,54,6.36,0.02,336.57
2024-07-14,Books,East,Regular,70,105.37,0.11,6564.55
2024-06-22,Electronics,South,Regular,51,136.48,0.18,5707.59
2024-03-05,Accessories,West,VIP,85,182.38,0.18,12711.89
2024-02-07,Books,East,VIP,5,242.07,0.24,919.87
2024-05-16,Clothing,North,VIP,61,287.37,0.25,13147.18
2024-07-08,Books,North,VIP,52,173.8,0.06,8495.34
2024-04-04,Accessories,North,Regular,3,132.27,0.27,289.67
2024-10-03,Books,East,Regular,37,121.8,0.25,3379.95
2024-01-18,Accessories,North,VIP,94,193.47,0.1,16367.56
2024-03-10,Clothing,East,VIP,70,171.75,0.29,8535.98
2024-02-10,Clothing,North,Regular,9,139.59,0.12,1105.55
2024-05-11,Clothing,West,VIP,9,232.81,0.26,1550.51
2024-07-02,Electronics,East,Regular,12,18.74,0.03,218.13
2024-07-24,Clothing,South,Regular,35,263.46,0.01,9128.89
2024-03-16,Electronics,West,VIP,61,49.14,0.11,2667.81
2024-12-01,Books,East,Regular,30,262.19,0.16,6607.19
2024-05-25,Electronics,North,Regular,56,58.55,0.0,3278.8
2024-01-11,Electronics,North,Regular,47,92.15,0.02,4244.43
2024-07-27,Electronics,South,Regular,98,96.94,0.17,7885.1
2024-07-12,Clothing,North,VIP,14,180.81,0.11,2252.89
2024-02-12,Accessories,East,VIP,92,153.86,0.2,11324.1
2024-07-09,Books,East,Regular,15,70.77,0.1,955.4
2024-12-04,Accessories,North,Regular,4,177.95,0.22,555.2
2024-06-14,Clothing,West,VIP,24,250.4,0.11,5348.54
2024-02-13,Clothing,South,VIP,10,55.95,0.22,436.41
2024-03-27,Clothing,East,Regular,31,138.15,0.1,3854.39
2024-11-17,Electronics,West,Regular,27,259.83,0.24,5331.71
2024-01-08,Books,South,VIP,13,220.27,0.25,2147.63
2024-06-19,Electronics,West,VIP,74,184.2,0.16,11449.87
2024-08-03,Accessories,North,VIP,20,93.15,0.17,1546.29
2024-12-16,Electronics,East,VIP,30,188.75,0.3,3963.75
2024-04-29,Electronics,South,VIP,25,272.83,0.26,5047.35
2024-09-11,Accessories,South,Regular,3,231.41,0.2,555.38
2024-06-28,Electronics,North,VIP,88,202.19,0.28,12810.76
2024-06-22,Accessories,East,VIP,18,58.6,0.28,759.46
2024-06-21,Books,East,VIP,22,251.03,0.1,4970.39
2024-03-25,Clothing,South,VIP,19,175.73,0.2,2671.1
2024-08-24,Accessories,North,VIP,20,105.88,0.26,1567.02
2024-10-08,Accessories,South,VIP,74,202.89,0.12,13212.2
2024-09-23,Books,North,VIP,100,296.33,0.25,22224.75
2024-06-11,Electronics,South,Regular,67,261.31,0.09,15932.07
2024-12-07,Accessories,South,Regular,19,179.39,0.03,3306.16
2024-08-01,Electronics,West,VIP,56,66.38,0.04,3568.59
2024-03-03,Books,West,VIP,14,278.02,0.29,2763.52
2024-10-25,Electronics,North,VIP,32,186.04,0.21,4703.09
2024-11-19,Accessories,West,Regular,78,122.76,0.25,7181.46
2024-01-05,Accessories,South,Regular,51,78.72,0.17,3332.22
2024-07-17,Electronics,South,Regular,42,147.79,0.08,5710.61
2024-03-31,Electronics,South,VIP,56,125.45,0.18,5760.66
2024-03-10,Electronics,East,Regular,40,107.38,0.28,3092.54
2024-10-24,Electronics,West,Regular,39,167.15,0.16,5475.83
2024-12-16,Electronics,North,VIP,83,190.73,0.15,13456.0
2024-07-20,Clothing,East,VIP,100,62.15,0.23,4785.55
2024-10-11,Books,South,VIP,84,27.28,0.21,1810.3
2024-02-04,Accessories,North,Regular,35,81.97,0.25,2151.71
2024-09-03,Electronics,South,VIP,3,133.04,0.15,339.25
2024-05-01,Clothing,North,Regular,63,174.33,0.08,10104.17
2024-08-10,Clothing,North,VIP,35,270.65,0.11,8430.75
2024-05-04,Electronics,South,Regular,29,9.8,0.26,210.31
2024-03-26,Books,East,Regular,58,221.13,0.24,9747.41
2024-05-06,Books,South,VIP,96,229.07,0.03,21331.0
2024-07-11,Clothing,South,Regular,26,243.93,0.26,4693.21
2024-05-13,Books,East,VIP,42,185.59,0.16,6547.62
2024-10-18,Accessories,West,VIP,33,15.02,0.21,391.57
2024-08-20,Accessories,West,Regular,41,143.1,0.08,5397.73
2024-01-14,Books,East,Regular,28,159.07,0.01,4409.42
2024-03-12,Clothing,North,VIP,66,236.48,0.1,14046.91
2024-01-12,Clothing,North,Regular,92,147.45,0.08,12480.17
2024-06-24,Electronics,South,Regular,91,60.06,0.21,4317.71
2024-11-23,Clothing,West,Regular,96,97.16,0.11,8301.35
2024-09-18,Electronics,South,Regular,55,150.8,0.29,5888.74
2024-09-13,Clothing,South,Regular,61,87.8,0.26,3963.29
2024-10-23,Accessories,West,VIP,88,259.17,0.13,19842.06
2024-08-18,Accessories,West,Regular,66,110.27,0.13,6331.7
2024-09-10,Electronics,West,Regular,64,180.64,0.19,9364.38
2024-11-16,Clothing,North,Regular,44,242.53,0.03,10351.18
2024-06-26,Books,West,Regular,85,118.77,0.26,7470.63
2024-04-17,Clothing,East,VIP,11,166.3,0.28,1317.1
2024-09-23,Accessories,East,Regular,99,280.23,0.29,19697.37
2024-11-03,Clothing,North,VIP,56,18.81,0.16,884.82
2024-09-21,Books,South,Regular,45,221.05,0.28,7162.02
2024-08-21,Electronics,West,Regular,35,41.51,0.11,1293.04
2024-03-14,Books,North,Regular,30,108.0,0.27,2365.2
2024-03-11,Clothing,South,Regular,4,43.92,0.05,166.9
2024-02-09,Electronics,East,VIP,98,132.61,0.15,11046.41
2024-06-23,Clothing,West,Regular,81,286.18,0.28,16690.02
2024-07-26,Electronics,North,Regular,58,52.05,0.27,2203.8
2024-05-29,Electronics,East,Regular,68,28.77,0.01,1936.8
2024-06-28,Clothing,South,VIP,35,51.69,0.03,1754.88
2024-05-15,Clothing,North,VIP,93,271.97,0.17,20993.36
2024-03-03,Electronics,North,VIP,23,274.46,0.29,4481.93
2024-09-08,Accessories,West,VIP,83,245.61,0.28,14677.65
2024-07-07,Accessories,North,Regular,25,178.85,0.23,3442.86
2024-09-15,Clothing,West,VIP,61,49.78,0.21,2398.9
2024-10-06,Electronics,East,Regular,80,136.71,0.1,9843.12
2024-04-10,Books,West,VIP,9,74.71,0.07,625.32
2024-11-13,Accessories,North,Regular,68,181.64,0.06,11610.43
2024-08-20,Books,East,VIP,68,228.98,0.22,12145.1
2024-12-11,Accessories,East,Regular,85,244.76,0.1,18724.14
2024-06-20,Books,North,VIP,6,231.02,0.11,1233.65
2024-01-28,Books,South,Regular,68,46.36,0.14,2711.13
2024-10-08,Accessories,West,Regular,91,97.8,0.04,8543.81
2024-10-23,Accessories,West,VIP,31,215.6,0.05,6349.42
2024-10-06,Electronics,West,Regular,30,164.53,0.21,3899.36
2024-12-13,Clothing,East,VIP,81,154.66,0.18,10272.52
2024-07-05,Books,North,Regular,29,126.22,0.29,2598.87
2024-07-18,Books,West,Regular,47,16.3,0.29,543.93
2024-10-13,Clothing,North,Regular,20,153.51,0.24,2333.35
2024-10-19,Electronics,East,VIP,77,232.98,0.1,16145.51
2024-05-31,Electronics,West,VIP,3,70.73,0.17,176.12
2024-02-06,Accessories,West,VIP,82,262.82,0.05,20473.68
2024-12-10,Electronics,North,Regular,26,84.11,0.01,2164.99
2024-11-21,Electronics,East,VIP,56,299.05,0.12,14737.18
2024-01-28,Accessories,North,VIP,89,103.9,0.08,8507.33
2024-06-06,Electronics,East,VIP,100,149.89,0.15,12740.65
2024-01-24,Books,North,VIP,33,71.39,0.22,1837.58
2024-09-25,Accessories,East,VIP,5,211.05,0.26,780.88
2024-07-03,Accessories,East,VIP,3,209.75,0.16,528.57
2024-12-02,Electronics,East,VIP,90,10.9,0.04,941.76
2024-11-12,Books,West,VIP,67,77.64,0.07,4837.75
2024-01-09,Books,West,VIP,55,54.6,0.25,2252.25
2024-08-22,Accessories,East,VIP,8,11.18,0.12,78.71
2024-10-21,Clothing,North,VIP,47,210.06,0.25,7404.62
2024-02-23,Clothing,West,Regular,75,158.66,0.29,8448.64
2024-01-20,Books,North,Regular,38,290.55,0.2,8832.72
2024-11-25,Accessories,West,VIP,71,256.19,0.24,13824.01
2024-11-08,Accessories,North,VIP,87,211.99,0.23,14201.21
2024-07-07,Electronics,East,VIP,9,58.6,0.29,374.45
2024-01-27,Electronics,North,Regular,57,31.09,0.26,1311.38
2024-10-26,Electronics,East,Regular,97,155.21,0.06,14152.05
2024-07-04,Electronics,South,Regular,60,225.03,0.17,11206.49
2024-11-19,Clothing,West,VIP,22,14.07,0.01,306.44
2024-01-02,Electronics,North,VIP,56,16.35,0.24,695.86
2024-05-14,Books,West,VIP,60,252.91,0.06,14264.12
2024-12-11,Accessories,South,Regular,82,189.17,0.05,14736.34
2024-06-09,Accessories,East,Regular,65,138.02,0.17,7446.18
2024-03-18,Clothing,South,Regular,11,6.0,0.04,63.36
2024-01-05,Clothing,South,VIP,94,292.92,0.0,27534.48
2024-10-07,Electronics,West,Regular,33,139.19,0.28,3307.15
2024-08-17,Clothing,North,VIP,28,53.1,0.06,1397.59
2024-01-20,Accessories,West,VIP,68,230.8,0.09,14281.9
2024-03-28,Clothing,East,Regular,36,136.82,0.19,3989.67
2024-03-20,Accessories,West,VIP,87,96.22,0.19,6780.62
2024-11-18,Books,North,VIP,94,93.01,0.22,6819.49
2024-03-24,Clothing,West,VIP,27,36.49,0.12,867.0
2024-12-18,Accessories,South,Regular,33,98.25,0.11,2885.6
2024-02-07,Books,East,Regular,43,220.8,0.07,8829.79
2024-12-20,Books,South,Regular,93,111.22,0.28,7447.29
2024-11-17,Accessories,North,VIP,45,28.75,0.27,944.44
2024-12-07,Accessories,South,Regular,16,205.92,0.14,2833.46
2024-09-02,Accessories,West,Regular,85,26.31,0.18,1833.81
2024-02-15,Electronics,West,Regular,94,22.12,0.17,1725.8
2024-03-28,Accessories,West,VIP,70,69.81,0.06,4593.5
2024-04-06,Accessories,West,Regular,54,158.08,0.02,8365.59
2024-12-03,Electronics,East,Regular,77,155.57,0.0,11978.89
2024-12-02,Accessories,North,Regular,45,282.66,0.28,9158.18
2024-03-15,Accessories,South,Regular,75,274.84,0.17,17108.79
2024-08-04,Clothing,South,Regular,5,93.99,0.3,328.96
2024-01-15,Electronics,South,Regular,76,165.07,0.14,10788.98
2024-08-09,Accessories,West,Regular,72,247.64,0.27,13015.96
2024-01-20,Electronics,South,Regular,18,288.95,0.26,3848.81
2024-11-28,Accessories,East,VIP,49,156.91,0.12,6765.96
2024-08-19,Clothing,North,Regular,4,40.85,0.08,150.33
2024-11-10,Electronics,South,VIP,90,15.36,0.1,1244.16
2024-09-15,Accessories,West,VIP,96,269.59,0.2,20704.51
2024-12-28,Clothing,North,Regular,3,203.16,0.15,518.06
2024-03-21,Books,North,Regular,54,137.94,0.16,6256.96
2024-04-17,Books,North,Regular,52,259.77,0.29,9590.71
2024-02-12,Accessories,East,VIP,27,169.62,0.05,4350.75
2024-03-11,Electronics,North,Regular,67,149.49,0.11,8914.09
2024-01-11,Accessories,South,Regular,69,189.82,0.17,10870.99
2024-09-08,Books,East,VIP,21,75.63,0.27,1159.41
2024-06-30,Electronics,South,Regular,84,260.42,0.07,20344.01
2024-05-25,Clothing,North,Regular,33,40.24,0.11,1181.85
2024-10-30,Books,South,VIP,26,255.25,0.1,5972.85
2024-07-10,Books,West,VIP,62,258.67,0.23,12348.91
2024-08-23,Books,East,VIP,17,167.56,0.24,2164.88
2024-04-17,Electronics,West,VIP,49,268.7,0.13,11454.68
2024-06-22,Accessories,North,Regular,71,14.13,0.07,933.0
2024-11-08,Accessories,South,VIP,23,102.89,0.14,2035.16
2024-02-14,Accessories,West,Regular,88,117.21,0.14,8870.45
2024-02-25,Clothing,North,VIP,66,223.21,0.28,10606.94
2024-11-02,Books,West,VIP,98,144.1,0.12,12427.18
2024-12-17,Books,South,Regular,49,263.86,0.21,10214.02
2024-03-02,Books,North,VIP,87,285.13,0.12,21829.55
2024-06-12,Clothing,West,Regular,56,168.67,0.29,6706.32
2024-11-30,Books,South,Regular,54,152.8,0.22,6435.94
2024-05-22,Books,South,Regular,73,171.71,0.2,10027.86
2024-06-20,Accessories,South,VIP,41,286.62,0.17,9753.68
2024-10-26,Clothing,North,Regular,73,209.43,0.17,12689.36
2024-06-13,Electronics,South,VIP,76,224.94,0.27,12479.67
2024-02-27,Electronics,North,VIP,34,218.21,0.15,6306.27
2024-09-21,Clothing,North,Regular,24,31.73,0.03,738.67
2024-01-06,Clothing,West,VIP,58,280.99,0.07,15156.6
2024-10-03,Accessories,North,VIP,56,299.34,0.24,12739.91
2024-04-11,Accessories,East,VIP,69,139.93,0.02,9462.07
2024-05-02,Electronics,West,Regular,15,239.83,0.27,2626.14
2024-07-20,Books,North,Regular,86,121.69,0.23,8058.31
2024-11-06,Accessories,South,Regular,75,72.24,0.03,5255.46
2024-11-27,Accessories,East,Regular,87,62.04,0.13,4695.81
2024-04-02,Clothing,North,Regular,36,261.07,0.21,7424.83
2024-10-17,Accessories,East,VIP,89,30.2,0.14,2311.51
2024-05-01,Electronics,North,Regular,53,195.61,0.28,7464.48
2024-04-12,Accessories,East,Regular,2,204.59,0.18,335.53
2024-07-10,Accessories,East,Regular,73,158.98,0.16,9748.65
2024-02-14,Books,North,VIP,76,78.89,0.18,4916.42
2024-09-26,Accessories,North,Regular,51,32.28,0.2,1317.02
2024-03-29,Electronics,East,Regular,1,152.18,0.19,123.27
2024-01-12,Accessories,South,VIP,21,77.98,0.02,1604.83
2024-04-12,Clothing,East,Regular,49,177.08,0.26,6420.92
2024-07-14,Books,West,Regular,76,185.5,0.14,12124.28
2024-07-05,Clothing,West,VIP,19,53.48,0.19,823.06
2024-02-01,Clothing,East,VIP,88,268.41,0.17,19604.67
2024-10-04,Books,South,Regular,23,184.13,0.01,4192.64
2024-05-05,Books,West,Regular,80,38.74,0.08,2851.26
2024-05-22,Accessories,West,VIP,77,16.95,0.1,1174.64
2024-10-14,Accessories,West,VIP,42,255.24,0.22,8361.66
2024-11-17,Books,West,VIP,18,110.16,0.16,1665.62
2024-02-04,Accessories,East,VIP,57,245.51,0.29,9935.79
2024-01-26,Books,East,Regular,30,157.44,0.02,4628.74
2024-07-26,Electronics,East,VIP,54,281.4,0.09,13828.0
2024-11-10,Electronics,North,VIP,2,289.61,0.15,492.34
2024-09-02,Accessories,East,Regular,68,292.07,0.02,19463.54
2024-10-31,Accessories,South,Regular,49,269.73,0.21,10441.25
2024-09-05,Accessories,East,Regular,19,255.03,0.29,3440.35
2024-01-04,Electronics,North,Regular,25,82.71,0.07,1923.01
2024-06-21,Clothing,West,Regular,4,98.19,0.18,322.06
2024-06-27,Books,West,VIP,23,32.55,0.12,658.81
2024-01-03,Books,South,VIP,20,222.91,0.01,4413.62
2024-11-15,Electronics,East,Regular,43,283.49,0.01,12068.17
2024-05-28,Books,West,VIP,40,211.19,0.24,6420.18
2024-09-09,Books,North,VIP,73,183.84,0.07,12480.9
2024-02-28,Clothing,South,VIP,50,153.35,0.19,6210.68
2024-05-03,Books,East,Regular,51,34.1,0.25,1304.32
2024-03-06,Electronics,West,Regular,94,34.01,0.18,2621.49
2024-06-20,Clothing,East,VIP,51,90.18,0.26,3403.39
2024-10-31,Electronics,South,Regular,14,43.63,0.15,519.2
2024-01-08,Accessories,East,Regular,3,239.81,0.19,582.74
2024-03-30,Electronics,West,VIP,5,183.8,0.17,762.77
2024-04-27,Accessories,East,Regular,11,7.72,0.14,73.03
2024-07-13,Accessories,West,Regular,57,158.0,0.29,6394.26
2024-06-25,Accessories,West,Regular,97,91.74,0.25,6674.08
2024-04-28,Books,East,Regular,92,142.87,0.06,12355.4
2024-08-19,Clothing,West,Regular,35,284.25,0.02,9749.78
2024-01-08,Accessories,East,Regular,72,110.95,0.09,7269.44
2024-06-15,Accessories,West,Regular,67,28.79,0.24,1465.99
2024-02-16,Books,East,Regular,73,174.98,0.2,10218.83
2024-12-05,Electronics,West,Regular,22,121.26,0.17,2214.21
2024-09-12,Clothing,South,VIP,64,214.46,0.15,11666.62
2024-07-15,Accessories,East,Regular,14,178.32,0.08,2296.76
2024-03-17,Books,South,Regular,73,104.21,0.12,6694.45
2024-04-14,Books,South,Regular,78,286.73,0.24,16997.35
2024-11-28,Electronics,North,Regular,28,203.63,0.2,4561.31
2024-04-28,Books,West,Regular,32,144.19,0.0,4614.08
2024-08-10,Clothing,North,VIP,89,111.78,0.26,7361.83
2024-01-30,Clothing,East,Regular,44,84.04,0.02,3623.8
2024-01-05,Clothing,South,Regular,25,9.56,0.06,224.66
2024-11-07,Clothing,North,Regular,76,94.39,0.23,5523.7
2024-03-14,Books,West,VIP,6,254.38,0.06,1434.7
2024-06-16,Accessories,West,VIP,95,256.16,0.17,20198.22
2024-04-11,Clothing,South,Regular,80,9.31,0.3,521.36
2024-10-11,Books,West,Regular,92,176.4,0.12,14281.34
2024-11-27,Clothing,East,Regular,66,100.73,0.13,5783.92
2024-05-03,Electronics,East,VIP,13,26.2,0.29,241.83
2024-03-08,Books,West,Regular,65,183.9,0.17,9921.4
2024-03-20,Electronics,South,VIP,75,279.45,0.15,17814.94
2024-05-21,Books,West,VIP,30,187.34,0.26,4158.95
2024-10-28,Electronics,North,Regular,24,237.35,0.22,4443.19
2024-02-10,Electronics,North,Regular,63,246.9,0.25,11666.03
2024-08-19,Books,North,Regular,96,150.76,0.27,10565.26
2024-11-02,Accessories,West,VIP,85,50.84,0.11,3846.05
2024-05-13,Books,South,Regular,79,195.14,0.1,13874.45
2024-07-29,Accessories,West,Regular,84,124.02,0.19,8438.32
2024-07-27,Books,West,Regular,57,96.82,0.29,3918.31
2024-03-09,Books,South,Regular,61,89.01,0.19,4397.98
2024-09-11,Accessories,South,VIP,50,12.56,0.28,452.16
2024-12-12,Electronics,North,Regular,28,239.31,0.09,6097.62
2024-05-14,Clothing,East,VIP,27,286.99,0.23,5966.52
2024-12-29,Books,South,Regular,66,58.25,0.02,3767.61
2024-04-09,Electronics,East,Regular,3,195.56,0.08,539.75
2024-02-20,Clothing,South,VIP,42,243.32,0.07,9504.08
2024-04-29,Clothing,North,VIP,32,216.2,0.16,5811.46
2024-09-02,Books,North,VIP,14,204.66,0.3,2005.67
2024-01-07,Accessories,East,VIP,19,291.72,0.23,4267.86
2024-10-13,Books,North,Regular,55,174.07,0.19,7754.82
2024-09-21,Accessories,West,VIP,32,18.58,0.07,552.94
2024-01-10,Accessories,North,VIP,57,196.51,0.11,9968.95
2024-05-31,Clothing,South,VIP,94,183.04,0.09,15657.24
2024-05-18,Books,North,Regular,28,152.08,0.18,3491.76
2024-08-30,Accessories,South,Regular,55,98.24,0.28,3890.3
2024-05-22,Books,North,Regular,38,95.5,0.06,3411.26
2024-11-24,Electronics,East,VIP,3,198.53,0.19,482.43
2024-04-14,Electronics,North,Regular,12,48.02,0.3,403.37
2024-02-11,Electronics,West,Regular,88,224.91,0.07,18406.63
2024-05-02,Clothing,East,VIP,28,291.37,0.1,7342.52
2024-07-22,Accessories,West,Regular,42,15.63,0.23,505.47
2024-03-09,Electronics,South,VIP,76,233.58,0.08,16331.91
2024-12-01,Accessories,East,Regular,35,102.62,0.18,2945.19
2024-08-18,Electronics,South,VIP,72,69.2,0.24,3786.62
2024-03-01,Clothing,South,Regular,41,35.43,0.05,1380.0
2024-11-16,Clothing,East,VIP,38,157.94,0.22,4681.34
2024-09-10,Books,West,VIP,88,109.49,0.07,8960.66
2024-11-15,Electronics,West,VIP,99,84.36,0.09,7599.99
2024-09-03,Books,East,VIP,91,232.19,0.01,20918.0
2024-07-10,Electronics,South,VIP,22,50.79,0.13,972.12
2024-10-18,Electronics,East,VIP,8,106.49,0.17,707.09
2024-07-27,Electronics,North,VIP,79,295.93,0.02,22910.9
2024-05-18,Clothing,North,VIP,91,69.42,0.12,5559.15
2024-05-23,Clothing,North,Regular,92,193.39,0.08,16368.53
2024-10-15,Electronics,South,Regular,9,272.52,0.12,2158.36
2024-01-16,Accessories,East,VIP,16,35.07,0.2,448.9
2024-11-30,Accessories,North,VIP,76,232.54,0.28,12724.59
2024-12-13,Accessories,West,Regular,55,17.64,0.07,902.29
2024-09-01,Books,East,Regular,39,95.68,0.24,2835.96
2024-07-20,Electronics,North,VIP,29,269.39,0.28,5624.86
2024-05-25,Clothing,East,VIP,35,145.74,0.2,4080.72
2024-11-16,Electronics,South,VIP,63,214.99,0.03,13138.04
2024-09-01,Clothing,North,VIP,79,192.8,0.08,14012.7
2024-08-05,Accessories,North,VIP,97,43.14,0.13,3640.58
2024-06-21,Clothing,North,Regular,33,9.99,0.17,273.63
2024-08-03,Accessories,East,VIP,99,220.89,0.05,20774.7
2024-08-17,Clothing,West,Regular,40,39.21,0.19,1270.4
2024-08-20,Books,South,VIP,55,31.67,0.25,1306.39
2024-08-04,Accessories,West,Regular,88,121.61,0.3,7491.18
2024-09-17,Electronics,East,VIP,26,136.42,0.13,3085.82
2024-03-06,Clothing,South,VIP,35,210.55,0.2,5895.4
2024-11-12,Accessories,South,VIP,96,168.56,0.27,11812.68
2024-10-30,Electronics,West,Regular,3,171.99,0.27,376.66
2024-06-16,Accessories,West,Regular,31,19.03,0.26,436.55
2024-07-31,Books,West,VIP,92,256.2,0.07,21920.47
2024-01-23,Clothing,East,Regular,46,205.78,0.26,7004.75
2024-05-03,Electronics,South,VIP,31,212.36,0.2,5266.53
2024-01-10,Accessories,West,VIP,78,78.61,0.09,5579.74
2024-06-02,Books,North,Regular,86,11.6,0.14,857.94
2024-02-26,Books,East,VIP,66,262.08,0.19,14010.8
2024-12-01,Accessories,North,VIP,83,194.99,0.08,14889.44
2024-10-09,Accessories,South,Regular,70,20.53,0.26,1063.45
2024-10-06,Electronics,East,Regular,21,178.32,0.14,3220.46
2024-09-09,Books,South,Regular,90,54.47,0.19,3970.86
2024-08-04,Books,South,Regular,36,28.68,0.11,918.91
2024-11-28,Clothing,West,Regular,48,237.22,0.25,8539.92
2024-04-19,Clothing,West,Regular,90,250.02,0.05,21376.71
2024-09-10,Clothing,West,VIP,22,74.88,0.15,1400.26
2024-10-04,Electronics,West,Regular,78,290.96,0.26,16794.21
2024-07-30,Electronics,South,VIP,81,14.64,0.21,936.81
2024-03-15,Accessories,West,Regular,86,25.48,0.21,1731.11
2024-09-22,Clothing,West,Regular,24,188.37,0.21,3571.5
2024-12-23,Accessories,West,Regular,93,145.61,0.09,12322.97
2024-02-24,Books,North,VIP,77,217.42,0.02,16406.51
2024-09-06,Books,North,Regular,29,89.94,0.22,2034.44
2024-11-19,Books,South,VIP,35,190.03,0.26,4921.78
2024-02-06,Clothing,West,Regular,13,150.16,0.12,1717.83
2024-02-15,Books,South,Regular,84,171.22,0.14,12368.93
2024-11-28,Accessories,North,VIP,55,91.26,0.17,4166.02
2024-02-05,Electronics,East,Regular,85,134.78,0.06,10768.92
2024-06-17,Books,South,Regular,12,212.45,0.26,1886.56
2024-02-12,Clothing,East,Regular,85,218.32,0.12,16330.34
2024-10-20,Accessories,West,Regular,62,272.51,0.24,12840.67
2024-02-03,Accessories,South,VIP,67,96.05,0.04,6177.94
2024-09-03,Books,East,Regular,100,281.17,0.01,27835.83
2024-07-04,Books,North,VIP,32,287.38,0.18,7540.85
2024-02-10,Books,South,Regular,4,78.13,0.23,240.64
2024-01-31,Clothing,West,Regular,32,145.51,0.11,4144.12
2024-08-22,Electronics,West,VIP,99,176.82,0.0,17505.18
2024-12-20,Books,East,VIP,79,28.78,0.14,1955.31
2024-02-03,Clothing,West,VIP,85,210.42,0.28,12877.7
2024-11-02,Accessories,North,VIP,64,199.42,0.08,11741.85
2024-05-04,Electronics,East,Regular,55,109.69,0.09,5489.98
2024-03-18,Electronics,North,Regular,2,23.89,0.07,44.44
2024-08-09,Clothing,West,Regular,39,277.16,0.15,9187.85
2024-09-05,Books,West,VIP,60,134.84,0.15,6876.84
2024-05-16,Books,North,VIP,2,291.54,0.28,419.82
2024-01-18,Clothing,West,VIP,56,107.55,0.2,4818.24
2024-07-08,Electronics,East,Regular,40,94.76,0.23,2918.61
2024-12-04,Accessories,West,VIP,13,270.07,0.13,3054.49
2024-09-14,Accessories,North,Regular,65,52.72,0.21,2707.17
2024-07-29,Accessories,East,Regular,27,280.09,0.13,6579.31
2024-06-07,Clothing,North,VIP,76,62.79,0.19,3865.35
2024-06-10,Clothing,South,VIP,79,272.28,0.05,20434.61
2024-06-23,Clothing,West,VIP,23,81.67,0.23,1446.38
2024-07-08,Clothing,North,VIP,4,158.16,0.13,550.4
2024-10-19,Clothing,East,VIP,25,218.64,0.11,4864.74
2024-04-27,Books,South,VIP,29,185.82,0.02,5281.0
2024-04-08,Accessories,North,Regular,6,11.01,0.02,64.74
2024-12-29,Accessories,East,Regular,95,248.67,0.18,19371.39
2024-08-29,Books,West,Regular,1,85.95,0.01,85.09
2024-02-20,Clothing,West,Regular,45,109.86,0.06,4647.08
2024-10-30,Books,West,Regular,58,239.05,0.12,12201.11
2024-04-18,Clothing,South,VIP,78,112.65,0.18,7205.09
2024-11-12,Electronics,South,Regular,37,153.68,0.07,5288.13
2024-12-23,Electronics,South,VIP,13,12.93,0.2,134.47
2024-11-01,Clothing,East,Regular,79,80.98,0.29,4542.17
2024-03-24,Books,North,Regular,11,216.28,0.18,1950.85
2024-08-17,Books,South,Regular,78,116.16,0.17,7520.2
2024-08-16,Accessories,South,VIP,65,98.82,0.07,5973.67
2024-05-05,Accessories,East,Regular,90,292.14,0.04,25240.9
2024-01-03,Accessories,East,Regular,10,46.07,0.26,340.92
2024-06-27,Books,West,VIP,55,183.96,0.06,9510.73
2024-08-15,Clothing,East,Regular,42,113.21,0.28,3423.47
2024-07-10,Clothing,East,VIP,65,175.38,0.26,8435.78
2024-05-09,Electronics,West,VIP,82,188.29,0.03,14976.59
2024-07-08,Clothing,South,Regular,88,248.88,0.25,16426.08
2024-09-05,Accessories,East,Regular,1,159.8,0.18,131.04
2024-09-01,Electronics,North,VIP,29,72.24,0.17,1738.82
2024-06-04,Electronics,North,VIP,16,113.15,0.1,1629.36
2024-08-02,Clothing,West,Regular,86,147.05,0.04,12140.45
2024-09-06,Clothing,South,VIP,53,67.95,0.17,2989.12
2024-01-02,Electronics,East,VIP,16,215.2,0.17,2857.86
2024-05-25,Accessories,East,Regular,38,32.27,0.13,1066.85
2024-08-02,Accessories,North,Regular,8,237.47,0.02,1861.76
2024-06-17,Books,North,Regular,75,159.39,0.12,10519.74
2024-12-25,Electronics,East,VIP,31,260.99,0.24,6148.92
2024-01-24,Accessories,North,Regular,61,290.12,0.18,14511.8
2024-03-25,Books,North,Regular,14,162.0,0.09,2063.88
2024-04-21,Clothing,East,VIP,48,225.31,0.02,10598.58
2024-07-28,Electronics,West,VIP,56,120.37,0.22,5257.76
2024-10-09,Clothing,East,Regular,94,290.92,0.12,24064.9
2024-11-15,Books,West,Regular,27,185.9,0.1,4517.37
2024-08-22,Electronics,North,VIP,60,31.84,0.14,1642.94
2024-07-20,Books,South,Regular,27,248.72,0.22,5238.04
2024-09-07,Books,West,VIP,43,30.03,0.11,1149.25
2024-08-08,Accessories,North,Regular,6,245.3,0.14,1265.75
2024-07-30,Books,West,Regular,21,25.07,0.23,405.38
2024-02-07,Clothing,South,Regular,1,26.24,0.11,23.35
2024-07-16,Electronics,East,Regular,4,184.7,0.12,650.14
2024-08-26,Electronics,North,VIP,15,211.05,0.25,2374.31
2024-10-23,Accessories,South,VIP,32,218.92,0.18,5744.46
2024-06-25,Books,East,VIP,3,127.17,0.11,339.54
2024-01-02,Clothing,West,Regular,79,83.34,0.14,5662.12
2024-09-07,Accessories,East,Regular,25,252.35,0.06,5930.22
2024-09-17,Electronics,North,VIP,98,136.37,0.1,12027.83
2024-05-22,Accessories,South,VIP,42,82.58,0.17,2878.74
2024-10-11,Accessories,South,VIP,71,192.78,0.06,12866.14
2024-10-28,Accessories,North,VIP,5,249.05,0.15,1058.46
2024-11-11,Electronics,South,Regular,52,121.3,0.14,5424.54
2024-03-29,Clothing,South,Regular,25,237.61,0.24,4514.59
2024-07-23,Accessories,South,VIP,88,16.75,0.19,1193.94
2024-12-10,Books,North,VIP,18,122.55,0.13,1919.13
2024-04-22,Accessories,North,VIP,90,235.19,0.14,18203.71
2024-01-08,Books,South,VIP,95,278.35,0.04,25385.52
2024-11-11,Clothing,South,Regular,40,16.53,0.12,581.86
2024-02-06,Electronics,North,Regular,75,283.24,0.23,16357.11
2024-11-02,Clothing,East,VIP,99,177.75,0.22,13725.86
2024-02-15,Clothing,East,VIP,32,175.9,0.2,4503.04
2024-04-29,Clothing,West,Regular,25,234.21,0.23,4508.54
2024-11-30,Clothing,North,VIP,12,175.75,0.17,1750.47
2024-03-08,Electronics,South,VIP,76,208.81,0.25,11902.17
2024-05-21,Electronics,North,VIP,88,167.85,0.12,12998.3
2024-05-19,Books,East,Regular,56,188.83,0.08,9728.52
2024-01-15,Accessories,East,VIP,67,191.33,0.1,11537.2
2024-08-06,Books,South,VIP,48,79.41,0.23,2934.99
2024-10-23,Clothing,West,VIP,77,277.94,0.19,17335.12
2024-06-24,Accessories,West,VIP,69,265.14,0.13,15916.35
2024-08-28,Electronics,South,Regular,37,219.48,0.18,6659.02
2024-04-03,Electronics,South,Regular,74,205.08,0.22,11837.22
2024-07-24,Accessories,West,VIP,25,72.05,0.17,1495.04
2024-07-12,Books,South,VIP,65,123.95,0.17,6687.1
2024-11-27,Clothing,West,VIP,69,242.85,0.22,13070.19
2024-02-26,Books,South,VIP,36,22.49,0.14,696.29
2024-06-20,Books,South,Regular,69,166.82,0.06,10819.95
2024-06-01,Accessories,East,Regular,44,149.49,0.17,5459.37
2024-03-16,Books,West,Regular,68,214.47,0.02,14292.28
2024-09-01,Electronics,East,Regular,88,197.02,0.16,14563.72
2024-07-07,Clothing,South,VIP,61,292.25,0.19,14440.07
2024-06-16,Books,North,VIP,56,114.82,0.0,6429.92
2024-04-25,Books,South,VIP,75,102.13,0.03,7429.96
2024-02-09,Accessories,South,Regular,59,298.05,0.08,16178.15
2024-10-06,Accessories,South,Regular,46,228.27,0.26,7770.31
2024-12-24,Accessories,East,VIP,11,161.08,0.28,1275.75
2024-04-15,Accessories,West,Regular,7,245.73,0.2,1376.09
2024-06-03,Accessories,West,VIP,73,207.73,0.16,12738.0
2024-12-19,Accessories,North,VIP,40,289.27,0.01,11455.09
2024-03-26,Books,West,Regular,34,285.59,0.29,6894.14
2024-06-03,Clothing,West,VIP,43,251.15,0.1,9719.51
2024-07-26,Books,West,Regular,40,176.92,0.01,7006.03
2024-01-12,Books,West,Regular,60,228.18,0.2,10952.64
2024-08-06,Clothing,North,VIP,43,122.88,0.01,5231.0
2024-04-10,Clothing,South,VIP,64,175.8,0.05,10688.64
2024-06-12,Accessories,West,VIP,55,193.65,0.28,7668.54
2024-07-26,Clothing,West,VIP,61,123.44,0.03,7303.94
2024-05-12,Clothing,West,Regular,61,116.8,0.03,6911.06
2024-05-19,Clothing,West,VIP,49,89.39,0.04,4204.91
2024-05-14,Clothing,East,Regular,15,26.42,0.28,285.34
2024-02-04,Electronics,West,Regular,36,209.67,0.06,7095.23
2024-04-10,Accessories,East,VIP,33,249.03,0.16,6903.11
2024-08-26,Clothing,South,VIP,70,186.66,0.19,10583.62
2024-07-14,Electronics,North,VIP,50,79.24,0.25,2971.5
2024-11-15,Books,West,VIP,25,279.48,0.28,5030.64
2024-07-24,Accessories,North,VIP,84,111.3,0.26,6918.41
2024-09-13,Accessories,East,Regular,36,69.02,0.04,2385.33
2024-02-06,Clothing,South,Regular,3,130.41,0.19,316.9
2024-06-24,Clothing,South,Regular,77,32.49,0.1,2251.56
2024-06-07,Clothing,South,Regular,24,8.38,0.03,195.09
2024-08-31,Books,East,VIP,44,196.9,0.23,6670.97
2024-12-17,Books,South,Regular,61,260.7,0.24,12086.05
2024-11-13,Accessories,West,Regular,20,234.75,0.0,4695.0
2024-12-16,Clothing,North,Regular,90,216.86,0.11,17370.49
2024-01-26,Books,North,VIP,39,8.17,0.27,232.6
2024-04-09,Electronics,North,Regular,39,110.75,0.24,3282.63
2024-06-15,Accessories,East,VIP,33,147.48,0.09,4428.82
2024-03-16,Electronics,South,Regular,27,89.37,0.28,1737.35
2024-12-10,Clothing,West,Regular,50,51.06,0.04,2450.88
2024-08-17,Accessories,North,Regular,18,72.42,0.3,912.49
2024-03-11,Accessories,North,VIP,8,257.58,0.07,1916.4
2024-09-12,Books,North,Regular,15,208.54,0.21,2471.2
2024-09-13,Electronics,South,Regular,59,205.13,0.27,8834.95
2024-12-26,Books,East,VIP,84,106.87,0.25,6732.81
2024-03-21,Accessories,North,VIP,49,163.71,0.05,7620.7
2024-08-14,Books,South,VIP,8,146.26,0.04,1123.28
2024-03-27,Clothing,North,Regular,50,23.21,0.08,1067.66
2024-04-16,Accessories,West,Regular,94,201.3,0.26,14002.43
2024-05-16,Electronics,South,Regular,57,96.46,0.25,4123.66
2024-04-10,Accessories,North,VIP,25,30.65,0.1,689.62
2024-01-19,Books,West,Regular,11,255.54,0.06,2642.28
2024-05-27,Accessories,West,VIP,46,192.33,0.22,6900.8
2024-07-06,Books,West,VIP,35,92.8,0.02,3183.04
2024-10-25,Electronics,North,VIP,81,257.34,0.16,17509.41
2024-02-02,Electronics,North,Regular,32,122.33,0.11,3483.96
2024-04-10,Electronics,South,Regular,12,228.04,0.25,2052.36
2024-05-24,Books,East,VIP,57,153.19,0.08,8033.28
2024-05-01,Clothing,South,VIP,85,248.8,0.03,20513.56
2024-09-02,Clothing,West,VIP,13,248.46,0.18,2648.58
2024-12-06,Books,East,Regular,65,94.72,0.13,5356.42
2024-10-06,Accessories,West,Regular,85,204.07,0.28,12489.08
2024-03-19,Clothing,North,VIP,85,299.23,0.29,18058.53
2024-03-27,Electronics,South,VIP,45,246.17,0.26,8197.46
2024-07-17,Accessories,North,Regular,1,122.89,0.13,106.91
2024-02-29,Electronics,West,VIP,78,211.74,0.04,15855.09
2024-08-11,Accessories,South,Regular,60,263.39,0.12,13906.99
2024-02-28,Books,North,VIP,53,207.37,0.01,10880.7
2024-11-29,Accessories,West,VIP,98,166.29,0.09,14829.74
2024-07-09,Clothing,East,VIP,21,30.21,0.23,488.5
2024-10-10,Accessories,South,VIP,24,79.5,0.29,1354.68
2024-01-18,Clothing,South,VIP,2,268.01,0.04,514.58
2024-09-16,Books,North,VIP,65,31.76,0.21,1630.88
2024-08-29,Clothing,West,Regular,70,134.1,0.14,8072.82
2024-04-15,Electronics,West,Regular,60,176.77,0.01,10500.14
2024-03-04,Accessories,West,Regular,1,56.45,0.14,48.55
2024-03-11,Accessories,East,VIP,4,298.11,0.14,1025.5
2024-11-29,Accessories,East,Regular,60,159.65,0.28,6896.88
2024-05-06,Books,North,VIP,11,38.57,0.22,330.93
2024-07-07,Accessories,North,Regular,43,103.62,0.24,3386.3
2024-02-19,Clothing,South,VIP,73,31.19,0.15,1935.34
2024-01-23,Accessories,West,Regular,53,244.17,0.04,12423.37
2024-05-25,Books,South,VIP,53,288.32,0.11,13600.05
2024-05-09,Clothing,West,Regular,100,116.03,0.02,11370.94
2024-08-01,Electronics,South,Regular,49,104.15,0.25,3827.51
2024-08-03,Clothing,East,VIP,6,50.06,0.15,255.31
2024-06-24,Accessories,East,Regular,67,272.94,0.28,13166.63
2024-04-12,Clothing,West,VIP,52,187.13,0.05,9244.22
2024-03-12,Books,West,Regular,44,49.31,0.09,1974.37
2024-03-14,Electronics,West,Regular,2,215.02,0.13,374.13
2024-02-10,Accessories,North,VIP,3,250.52,0.19,608.76
2024-10-03,Accessories,West,Regular,72,67.27,0.07,4504.4
2024-03-24,Electronics,East,VIP,54,268.26,0.29,10285.09
2024-04-30,Accessories,East,VIP,66,27.07,0.23,1375.7
2024-12-09,Clothing,North,Regular,84,134.0,0.14,9680.16
2024-07-31,Electronics,North,VIP,94,202.26,0.26,14069.21
2024-12-18,Accessories,East,Regular,4,133.75,0.02,524.3
2024-06-20,Books,East,VIP,90,142.21,0.15,10879.06
2024-10-03,Accessories,South,Regular,17,276.32,0.06,4415.59
2024-12-27,Accessories,South,Regular,70,213.37,0.22,11650.0
2024-07-04,Clothing,East,VIP,21,242.46,0.09,4633.41
2024-05-19,Accessories,North,Regular,79,279.98,0.25,16588.82
2024-01-06,Clothing,East,Regular,82,61.54,0.23,3885.64
2024-06-26,Electronics,East,Regular,12,39.23,0.24,357.78
2024-06-29,Accessories,East,Regular,15,104.08,0.27,1139.68
2024-03-16,Electronics,East,Regular,92,138.77,0.01,12639.17
2024-07-18,Books,North,Regular,57,123.26,0.12,6182.72
2024-06-07,Electronics,East,VIP,36,267.05,0.22,7498.76
2024-08-23,Books,South,Regular,47,229.85,0.19,8750.39
2024-05-21,Accessories,South,Regular,23,253.63,0.14,5016.8
2024-02-16,Electronics,West,VIP,55,93.3,0.01,5080.19
2024-11-21,Books,West,Regular,13,111.76,0.07,1351.18
2024-02-28,Books,North,VIP,15,5.35,0.05,76.24
2024-04-09,Clothing,West,Regular,66,291.92,0.21,15220.71
2024-11-15,Books,East,Regular,6,188.86,0.18,929.19
2024-02-12,Books,North,VIP,93,214.94,0.1,17990.48
2024-12-17,Electronics,North,Regular,4,239.77,0.14,824.81
2024-05-28,Accessories,East,VIP,21,96.58,0.18,1663.11
2024-12-30,Clothing,West,Regular,100,238.19,0.0,23819.0
2024-02-17,Electronics,South,VIP,26,29.96,0.25,584.22
2024-09-25,Clothing,North,Regular,1,48.88,0.06,45.95
2024-12-13,Books,South,VIP,65,37.61,0.21,1931.27
2024-03-27,Books,East,Regular,60,38.99,0.29,1660.97
2024-08-19,Clothing,East,VIP,4,80.66,0.03,312.96
2024-05-02,Electronics,East,Regular,47,218.3,0.12,9028.89
2024-04-04,Accessories,South,VIP,65,156.77,0.18,8355.84
2024-01-24,Accessories,North,Regular,56,252.23,0.02,13842.38
2024-01-30,Electronics,West,VIP,45,52.1,0.05,2227.28
2024-01-28,Books,South,VIP,97,264.87,0.13,22352.38
2024-05-23,Electronics,West,Regular,27,78.18,0.23,1625.36
2024-01-13,Accessories,West,VIP,58,192.02,0.07,10357.56
2024-08-02,Accessories,West,VIP,40,171.36,0.12,6031.87
2024-05-07,Books,West,VIP,34,70.09,0.02,2335.4
2024-07-04,Accessories,South,Regular,12,20.79,0.28,179.63
2024-10-28,Clothing,West,Regular,9,246.13,0.27,1617.07
2024-04-14,Accessories,South,VIP,27,138.75,0.23,2884.61
2024-12-08,Accessories,East,VIP,54,238.35,0.27,9395.76
2024-09-20,Electronics,West,VIP,79,199.25,0.11,14009.27
2024-01-28,Books,West,VIP,4,151.34,0.25,454.02
2024-01-27,Books,East,Regular,65,113.21,0.17,6107.68
2024-01-03,Electronics,South,Regular,70,156.2,0.18,8965.88
2024-05-15,Electronics,South,Regular,56,65.26,0.08,3362.2
2024-02-02,Clothing,South,VIP,57,160.81,0.12,8066.23
2024-04-25,Electronics,North,Regular,68,20.51,0.27,1018.12
2024-03-13,Electronics,East,VIP,11,87.17,0.19,776.68
2024-12-13,Clothing,East,VIP,1,247.39,0.0,247.39
2024-09-04,Clothing,East,Regular,96,186.08,0.16,15005.49
2024-08-21,Clothing,South,VIP,12,201.18,0.18,1979.61
2024-01-17,Electronics,East,VIP,67,62.17,0.19,3373.97
2024-11-20,Electronics,West,VIP,94,43.81,0.15,3500.42
2024-07-27,Electronics,West,Regular,74,33.58,0.2,1987.94
2024-07-09,Electronics,North,VIP,7,287.45,0.03,1951.79
2024-09-04,Electronics,North,Regular,43,39.12,0.26,1244.8
2024-02-06,Accessories,West,Regular,55,288.01,0.29,11246.79
2024-12-07,Accessories,South,Regular,36,269.41,0.01,9601.77
2024-10-18,Books,North,Regular,39,163.43,0.01,6310.03
2024-04-11,Electronics,South,Regular,10,95.4,0.09,868.14
2024-06-13,Clothing,East,VIP,50,78.29,0.05,3718.78
2024-11-22,Clothing,West,VIP,17,80.63,0.13,1192.52
2024-01-23,Books,North,VIP,73,280.1,0.18,16766.79
2024-02-06,Accessories,South,Regular,35,113.66,0.16,3341.6
2024-01-12,Accessories,South,VIP,66,168.56,0.09,10123.71
2024-01-03,Accessories,North,VIP,43,160.03,0.1,6193.16
2024-08-27,Clothing,West,Regular,74,84.78,0.25,4705.29
2024-03-19,Clothing,East,VIP,5,13.72,0.28,49.39
2024-04-09,Clothing,West,Regular,46,143.96,0.03,6423.5
2024-12-11,Books,East,Regular,56,132.74,0.08,6838.76
2024-02-08,Books,South,VIP,99,114.99,0.07,10587.13
2024-07-13,Books,West,Regular,5,252.29,0.26,933.47
2024-07-12,Electronics,West,VIP,36,153.87,0.27,4043.7
2024-04-23,Books,East,VIP,19,84.16,0.15,1359.18
2024-12-03,Clothing,West,VIP,57,125.59,0.05,6800.7
2024-09-09,Books,East,Regular,87,172.12,0.0,14974.44
2024-03-24,Books,East,VIP,95,130.85,0.11,11063.37
2024-04-16,Books,West,VIP,17,44.45,0.24,574.29
2024-12-06,Books,North,Regular,60,246.71,0.16,12434.18
2024-10-10,Electronics,North,VIP,22,89.01,0.18,1605.74
2024-02-27,Electronics,West,Regular,45,215.53,0.27,7080.16
2024-02-18,Clothing,West,Regular,9,85.82,0.04,741.48
2024-02-01,Accessories,South,VIP,6,14.57,0.04,83.92
2024-07-24,Electronics,South,Regular,70,64.49,0.26,3340.58
2024-02-15,Electronics,East,Regular,3,240.79,0.26,534.55
2024-01-03,Electronics,North,Regular,3,171.77,0.15,438.01
2024-10-31,Accessories,South,VIP,92,52.82,0.06,4567.87
2024-11-20,Books,East,Regular,53,130.17,0.06,6485.07
2024-06-17,Clothing,South,VIP,27,50.7,0.19,1108.81
2024-06-25,Electronics,North,Regular,2,181.6,0.21,286.93
2024-08-12,Clothing,East,Regular,69,126.22,0.21,6880.25
2024-11-03,Clothing,West,Regular,71,192.06,0.21,10772.65
2024-11-07,Books,North,Regular,97,130.75,0.28,9131.58
2024-11-15,Electronics,West,VIP,13,118.98,0.01,1531.27
2024-12-06,Accessories,East,Regular,12,157.68,0.16,1589.41
2024-05-23,Accessories,North,VIP,58,130.3,0.17,6272.64
2024-04-13,Books,East,Regular,72,147.21,0.08,9751.19
2024-10-30,Books,West,Regular,13,232.11,0.23,2323.42
2024-02-18,Books,South,Regular,62,81.81,0.06,4767.89
2024-09-20,Clothing,North,VIP,61,192.37,0.03,11382.53
2024-10-21,Books,West,VIP,14,9.88,0.06,130.02
2024-04-03,Accessories,North,Regular,78,141.87,0.23,8520.71
2024-06-03,Books,South,Regular,88,121.49,0.0,10691.12
2024-12-21,Books,East,Regular,24,77.17,0.26,1370.54
2024-09-09,Clothing,West,Regular,35,128.1,0.06,4214.49
2024-12-30,Clothing,East,VIP,78,62.53,0.12,4292.06
2024-12-26,Books,South,Regular,15,237.4,0.19,2884.41
2024-04-30,Electronics,East,VIP,24,112.06,0.03,2608.76
2024-12-16,Books,South,Regular,31,99.57,0.15,2623.67
2024-07-02,Books,West,Regular,51,172.26,0.14,7555.32
2024-10-23,Accessories,East,Regular,86,109.61,0.01,9332.2
2024-05-14,Accessories,West,VIP,58,119.21,0.09,6291.9
2024-11-25,Clothing,West,Regular,11,137.04,0.14,1296.4
2024-09-22,Accessories,West,VIP,9,21.37,0.17,159.63
2024-06-04,Books,North,Regular,1,32.5,0.22,25.35
2024-01-31,Books,South,VIP,30,252.9,0.06,7131.78
2024-04-03,Clothing,West,Regular,91,170.01,0.25,11603.18
2024-03-22,Books,East,VIP,9,219.54,0.26,1462.14
2024-03-04,Accessories,West,VIP,88,287.88,0.28,18240.08
2024-06-29,Electronics,East,Regular,8,188.43,0.21,1190.88
2024-12-03,Books,West,VIP,91,51.7,0.11,4187.18
2024-07-30,Books,North,Regular,72,64.36,0.19,3753.48
2024-09-16,Electronics,South,VIP,52,84.33,0.19,3551.98
2024-05-02,Books,West,Regular,37,132.74,0.0,4911.38
2024-10-15,Electronics,South,VIP,81,159.49,0.03,12531.13
2024-07-02,Electronics,South,Regular,64,146.91,0.02,9214.2
2024-01-10,Accessories,East,VIP,78,242.29,0.18,15496.87
2024-09-07,Accessories,East,Regular,5,293.98,0.12,1293.51
2024-12-11,Clothing,East,VIP,93,241.92,0.16,18898.79
2024-11-10,Books,West,Regular,1,120.45,0.27,87.93
2024-06-06,Clothing,West,VIP,85,9.2,0.04,750.72
2024-02-06,Accessories,South,VIP,17,26.24,0.1,401.47
2024-02-20,Electronics,South,VIP,37,17.96,0.06,624.65
2024-12-20,Electronics,East,VIP,92,93.98,0.04,8300.31
2024-10-05,Clothing,South,Regular,51,15.91,0.17,673.47
2024-06-21,Clothing,East,VIP,10,231.65,0.04,2223.84
2024-04-05,Electronics,West,VIP,48,247.41,0.18,9738.06
2024-01-01,Books,South,VIP,13,283.62,0.25,2765.3
2024-06-08,Accessories,West,Regular,11,15.09,0.09,151.05
2024-05-29,Accessories,West,Regular,25,108.6,0.15,2307.75
2024-07-19,Books,South,Regular,53,155.85,0.27,6029.84
2024-10-14,Books,West,Regular,19,79.27,0.2,1204.9
2024-05-30,Clothing,North,Regular,78,77.53,0.24,4595.98
2024-12-09,Accessories,North,Regular,11,260.93,0.17,2382.29
2024-06-07,Clothing,East,VIP,45,109.63,0.08,4538.68
2024-03-29,Clothing,South,VIP,71,107.29,0.26,5637.02
2024-09-01,Clothing,East,Regular,65,297.71,0.06,18190.08
2024-09-08,Books,North,Regular,57,221.93,0.02,12397.01
2024-05-14,Clothing,West,Regular,35,280.41,0.1,8832.92
2024-03-10,Books,North,VIP,81,25.4,0.02,2016.25
2024-10-24,Books,South,Regular,52,32.42,0.2,1348.67
2024-08-24,Electronics,West,VIP,62,296.43,0.09,16724.58
2024-04-22,Electronics,South,Regular,58,210.98,0.14,10523.68
2024-06-15,Electronics,East,VIP,34,7.62,0.26,191.72
2024-10-05,Clothing,South,VIP,27,121.32,0.08,3013.59
2024-10-28,Accessories,North,VIP,83,13.82,0.06,1078.24
2024-03-20,Accessories,East,VIP,17,181.84,0.02,3029.45
2024-08-08,Books,East,Regular,72,31.49,0.04,2176.59
2024-12-15,Accessories,South,Regular,6,281.34,0.06,1586.76
2024-04-29,Electronics,North,Regular,32,173.55,0.07,5164.85
2024-07-01,Clothing,South,Regular,2,243.08,0.27,354.9
2024-05-10,Electronics,East,VIP,25,127.43,0.11,2835.32
2024-11-21,Clothing,East,Regular,67,90.86,0.14,5235.35
2024-11-12,Books,East,Regular,53,59.32,0.01,3112.52
2024-01-04,Books,North,VIP,31,96.17,0.06,2802.39
2024-02-20,Electronics,West,Regular,34,113.89,0.03,3756.09
2024-04-20,Accessories,West,Regular,1,238.47,0.06,224.16
2024-09-07,Electronics,East,Regular,96,234.71,0.09,20504.27
2024-08-17,Electronics,North,VIP,9,285.32,0.09,2336.77
2024-10-22,Accessories,West,VIP,3,262.92,0.13,686.22
2024-05-30,Clothing,West,Regular,95,115.1,0.25,8200.88
2024-02-25,Clothing,South,Regular,18,227.91,0.22,3199.86
2024-11-19,Books,East,Regular,3,46.37,0.23,107.11
2024-09-15,Accessories,North,Regular,40,288.77,0.25,8663.1
2024-11-06,Books,South,Regular,57,42.12,0.0,2400.84
2024-11-10,Electronics,East,Regular,7,206.34,0.24,1097.73
2024-12-14,Clothing,South,Regular,82,204.54,0.18,13753.27
2024-02-07,Accessories,South,Regular,37,147.77,0.23,4209.97
2024-08-14,Accessories,South,Regular,62,225.45,0.3,9784.53
2024-02-02,Accessories,North,VIP,67,193.08,0.21,10219.72
2024-10-22,Books,South,Regular,46,220.25,0.22,7902.57
2024-01-31,Clothing,East,Regular,61,246.45,0.06,14131.44
2024-07-07,Accessories,North,Regular,55,214.05,0.12,10360.02
2024-07-19,Accessories,East,Regular,22,184.96,0.04,3906.36
2024-12-15,Clothing,East,Regular,20,296.75,0.03,5756.95
2024-04-17,Books,North,VIP,33,85.22,0.0,2812.26
2024-09-06,Clothing,East,VIP,38,266.85,0.25,7605.22
2024-04-02,Books,East,VIP,91,95.91,0.08,8029.59
2024-11-11,Books,West,Regular,90,34.65,0.05,2962.58
2024-01-02,Accessories,South,Regular,62,232.49,0.04,13837.8
2024-09-11,Clothing,East,Regular,72,184.95,0.25,9987.3
2024-12-24,Clothing,South,Regular,25,82.38,0.17,1709.38
2024-08-09,Accessories,North,VIP,17,176.62,0.27,2191.85
2024-05-13,Books,East,VIP,5,160.43,0.24,609.63
2024-08-05,Electronics,South,VIP,61,194.06,0.13,10298.76
2024-12-08,Electronics,South,Regular,97,66.42,0.08,5927.32
2024-10-31,Electronics,South,VIP,60,27.11,0.12,1431.41
2024-05-08,Electronics,South,VIP,97,96.61,0.02,9183.75
2024-05-20,Electronics,North,Regular,47,86.25,0.16,3405.15
2024-07-02,Accessories,East,Regular,74,189.26,0.17,11624.35
2024-08-30,Clothing,East,VIP,38,220.42,0.02,8208.44
2024-08-23,Clothing,East,VIP,17,283.94,0.13,4199.47
2024-09-25,Books,South,Regular,85,288.98,0.11,21861.34
2024-06-24,Clothing,North,VIP,80,56.2,0.11,4001.44
2024-07-04,Clothing,South,Regular,67,68.7,0.29,3268.06
2024-05-19,Accessories,North,VIP,37,166.61,0.0,6164.57
2024-01-06,Books,West,Regular,80,248.01,0.14,17063.09
2024-04-03,Clothing,West,VIP,13,85.07,0.27,807.31
2024-12-03,Electronics,East,VIP,93,133.21,0.28,8919.74
2024-10-13,Books,North,Regular,14,159.06,0.22,1736.94
2024-10-29,Electronics,East,Regular,37,167.9,0.1,5591.07
2024-11-06,Clothing,East,VIP,72,54.88,0.02,3872.33
2024-11-09,Clothing,East,Regular,80,134.32,0.1,9671.04
2024-04-26,Accessories,West,VIP,51,66.51,0.17,2815.37
2024-06-05,Books,West,Regular,33,260.09,0.09,7810.5
2024-03-17,Clothing,South,Regular,65,101.22,0.18,5395.03
2024-07-03,Clothing,West,Regular,61,282.91,0.03,16739.78
2024-10-14,Accessories,South,Regular,85,20.03,0.23,1310.96
2024-10-31,Clothing,South,VIP,100,192.68,0.2,15414.4
2024-10-08,Books,South,VIP,3,270.83,0.17,674.37
2024-05-20,Clothing,North,VIP,77,142.42,0.06,10308.36
2024-07-14,Electronics,North,VIP,53,152.65,0.05,7685.93
2024-04-09,Clothing,East,Regular,88,18.13,0.17,1324.22
2024-02-01,Electronics,North,VIP,19,179.21,0.13,2962.34
2024-08-06,Accessories,West,Regular,95,20.57,0.21,1543.78
2024-11-20,Clothing,North,VIP,52,8.27,0.21,339.73
2024-08-15,Electronics,South,VIP,86,71.68,0.04,5917.9
2024-07-06,Electronics,East,Regular,14,194.93,0.19,2210.51
2024-12-08,Clothing,West,Regular,35,184.82,0.03,6274.64
2024-10-02,Electronics,West,Regular,3,127.28,0.1,343.66
2024-02-09,Electronics,East,Regular,3,195.54,0.03,569.02
2024-11-21,Accessories,East,VIP,76,257.23,0.17,16226.07
2024-09-24,Electronics,South,VIP,93,266.1,0.04,23757.41
2024-10-22,Accessories,West,Regular,100,160.41,0.15,13634.85
2024-08-18,Electronics,North,VIP,70,115.61,0.29,5745.82
2024-01-10,Accessories,West,VIP,72,22.52,0.08,1491.72
2024-06-09,Accessories,South,Regular,3,260.33,0.21,616.98
2024-02-25,Electronics,East,VIP,6,41.83,0.3,175.69
2024-02-15,Accessories,North,Regular,46,231.11,0.17,8823.78
2024-03-31,Clothing,East,VIP,57,262.35,0.06,14056.71
2024-01-20,Books,South,VIP,67,162.8,0.01,10798.52
2024-10-14,Electronics,East,VIP,90,251.47,0.05,21500.68
2024-06-08,Electronics,North,Regular,81,237.73,0.25,14442.1
2024-03-04,Accessories,East,Regular,63,170.45,0.18,8805.45
2024-02-28,Accessories,East,VIP,17,143.66,0.23,1880.51
2024-04-28,Accessories,West,VIP,85,279.57,0.29,16872.05
2024-11-09,Books,East,VIP,37,277.02,0.18,8404.79
2024-02-08,Clothing,East,VIP,55,32.84,0.24,1372.71
2024-05-22,Accessories,West,VIP,33,288.88,0.11,8484.41
2024-01-07,Clothing,South,Regular,84,180.72,0.21,11992.58
2024-12-12,Books,South,Regular,13,14.05,0.1,164.39
2024-07-06,Accessories,East,VIP,91,106.2,0.18,7924.64
2024-04-08,Books,West,Regular,7,157.37,0.25,826.19
2024-06-28,Electronics,West,VIP,76,204.97,0.27,11371.74
2024-04-07,Electronics,South,VIP,58,270.88,0.18,12883.05
2024-09-13,Books,North,VIP,71,284.18,0.19,16343.19
2024-11-02,Books,West,Regular,94,174.03,0.11,14559.35
2024-05-20,Accessories,East,VIP,92,236.93,0.26,16130.19
2024-05-06,Books,South,VIP,83,177.84,0.2,11808.58
2024-09-29,Clothing,West,VIP,92,79.35,0.12,6424.18
2024-01-17,Accessories,West,VIP,37,136.81,0.02,4960.73
2024-12-31,Accessories,North,VIP,62,37.41,0.08,2133.87
2024-08-14,Clothing,North,VIP,91,13.58,0.03,1198.71
2024-02-19,Clothing,North,VIP,26,259.43,0.25,5058.88
2024-06-19,Electronics,South,VIP,16,158.15,0.09,2302.66
2024-08-31,Clothing,West,Regular,46,293.14,0.25,10113.33
2024-02-07,Books,East,Regular,12,45.87,0.19,445.86
2024-09-06,Accessories,North,Regular,47,16.73,0.15,668.36
2024-01-04,Books,East,VIP,59,14.09,0.09,756.49
2024-11-05,Electronics,North,VIP,34,185.06,0.28,4530.27
2024-02-27,Electronics,West,Regular,80,98.0,0.1,7056.0
2024-04-22,Clothing,South,Regular,35,18.44,0.19,522.77
2024-07-19,Books,West,VIP,17,67.67,0.17,954.82
2024-12-03,Electronics,North,Regular,83,155.73,0.3,9047.91
2024-09-06,Electronics,East,Regular,24,260.9,0.21,4946.66
2024-06-16,Books,West,Regular,76,131.56,0.25,7498.92
2024-09-26,Clothing,East,Regular,26,233.95,0.01,6021.87
2024-09-25,Electronics,East,VIP,96,39.09,0.19,3039.64
2024-09-08,Electronics,East,Regular,85,239.39,0.15,17295.93
2024-01-25,Accessories,West,VIP,92,149.13,0.3,9603.97
2024-11-15,Books,West,VIP,97,123.64,0.28,8635.02
2024-10-25,Accessories,West,VIP,95,217.93,0.06,19461.15
2024-09-01,Electronics,South,Regular,43,199.7,0.18,7041.42
2024-05-23,Accessories,North,Regular,15,61.84,0.21,732.8
2024-03-19,Books,North,Regular,10,282.31,0.08,2597.25
2024-12-25,Clothing,West,VIP,59,35.58,0.13,1826.32
2024-04-22,Books,North,Regular,34,280.58,0.29,6773.2
2024-03-09,Books,West,VIP,46,288.12,0.11,11795.63
2024-05-13,Clothing,West,Regular,73,218.29,0.18,13066.84
2024-07-28,Electronics,East,Regular,54,180.71,0.06,9172.84
2024-05-21,Clothing,West,Regular,98,288.98,0.01,28036.84
2024-04-30,Electronics,East,VIP,28,298.54,0.02,8191.94
2024-09-18,Books,West,VIP,15,184.95,0.09,2524.57
2024-10-30,Electronics,East,Regular,47,89.06,0.27,3055.65
2024-10-28,Clothing,South,VIP,28,64.23,0.27,1312.86
2024-05-27,Accessories,South,Regular,38,114.59,0.22,3396.45
2024-08-29,Electronics,South,VIP,20,65.25,0.03,1265.85
2024-08-14,Books,East,VIP,56,221.04,0.11,11016.63
2024-07-25,Clothing,North,Regular,4,156.65,0.09,570.21
2024-06-06,Electronics,North,Regular,64,265.72,0.1,15305.47
2024-08-05,Electronics,West,Regular,97,219.87,0.26,15782.27
2024-02-29,Clothing,East,VIP,81,201.24,0.23,12551.34
2024-10-28,Clothing,South,Regular,9,68.88,0.3,433.94
2024-01-06,Books,North,Regular,21,97.97,0.05,1954.5
2024-11-13,Clothing,North,Regular,36,125.63,0.13,3934.73
2024-08-18,Accessories,South,Regular,39,33.9,0.19,1070.9
2024-10-28,Electronics,North,VIP,92,137.25,0.27,9217.71
2024-08-16,Clothing,West,Regular,97,36.39,0.18,2894.46
2024-05-22,Clothing,West,Regular,97,191.88,0.3,13028.65
2024-03-25,Books,South,VIP,35,30.15,0.08,970.83
2024-09-13,Accessories,North,Regular,36,48.16,0.16,1456.36
2024-08-04,Electronics,West,VIP,11,46.87,0.23,396.99
2024-05-04,Books,South,VIP,68,293.5,0.27,14569.34
2024-11-01,Clothing,South,Regular,27,65.95,0.22,1388.91
2024-07-05,Books,North,VIP,24,141.86,0.26,2519.43
2024-09-02,Electronics,East,VIP,98,144.89,0.1,12779.3
2024-03-27,Accessories,East,Regular,84,41.92,0.2,2817.02
2024-09-09,Clothing,East,Regular,47,219.38,0.05,9795.32
2024-02-28,Books,South,Regular,88,91.21,0.2,6421.18
2024-03-22,Clothing,North,Regular,91,158.7,0.04,13864.03
2024-09-08,Clothing,East,Regular,48,77.67,0.09,3392.63
